Title,Reference,Company,Experience,Salary,Location,Job Description,Skills Required,Posted Date
Associate Software Engineer,https://www.naukri.com/job-listings-associate-software-engineer-infinite-visakhapatnam-0-to-0-years-300425018108,Infinite,0 Yrs,3-3.25 Lacs PA,N/A,"Batch 2023, 2024, 2025 [not 2026] Job Role Skills Required :- The candidate will work a...",['TelecomJavaLinuxCloudPythonOOPSDBMSSoftware'],1 Day Ago
Python Developer fresher,https://www.naukri.com/job-listings-python-developer-fresher-jobsmill-hyderabad-bengaluru-0-to-0-years-220924002357,Jobsmill,0 Yrs,3-5 Lacs PA,N/A,Required Python Developer for our client Location - Hyderabad Ping your details on what...,['PythonsPython DevelopmentPythonDevelopment'],Today
Software Engineer,https://www.naukri.com/job-listings-software-engineer-gra-enterprises-chennai-chennai-0-to-5-years-240425011678,Gra Enterprises Chennai,0-5 Yrs,Not disclosed,N/A,"Immediate vacancy for Software developer , software engineer and software testing (Manu...",['Software TestingJava Fullstacksoftware developerSoftware ProgrammingSQLFrontend Developmentpython developerWeb Development'],1 Day Ago
Python Full Stack Developer,https://www.naukri.com/job-listings-python-full-stack-developer-acciojob-pune-0-to-3-years-300425009893,Acciojob,0-3 Yrs,5-6 Lacs PA,N/A,AccioJob is conducting a Walk-In Hiring Drive with Onelab Ventures at AccioJob Pune Ski...,['DjangoJavascriptPythonFlaskHtml/CssNode.JsReact.JsCs'],3 Days Ago
Python Backend Developer Intern,https://www.naukri.com/job-listings-python-backend-developer-intern-devops-enabler-bengaluru-0-to-1-years-300425913352,Devops Enabler,0-1 Yrs,Not disclosed,N/A,DevOps Enabler & Co is seeking a passionate and skilled Python Backend Developer Intern...,['FlaskSQLBackend DeveloperAPIsPython Backend DeveloperPythonBackendBackend Development'],3 Days Ago
Odoo Developer,https://www.naukri.com/job-listings-odoo-developer-meditab-software-ahmedabad-0-to-3-years-161024016662,Meditab Software,0-3 Yrs,Not disclosed,N/A,"Required Skills: . Strong Python programming skillsProficient in Odoo front-end (XML, J...",['Python FrameworkGithubSQLiteJavascriptOdoo DevelopmentTroubleshooting NetworksPostgresqlDebugging'],2 Days Ago
"Software Engineer, developer / Programmer, 2024 graduate Can also appl",https://www.naukri.com/job-listings-software-engineer-developer-programmer-2024-graduate-can-also-appl-creative-hands-hr-hyderabad-chennai-bengaluru-0-to-5-years-300425009798,Fortune India 500 MNC in IT Services Domain,0-5 Yrs,2-5 Lacs PA,N/A,job description . 2025 graduate can also apply . Immediate Requirement in Software Test...,['testingSoftwareSoftware ProgrammingpythonjavaSoftware EngineeringlinuxMobile Testing'],3 Days Ago
Python Developer Intern,https://www.naukri.com/job-listings-python-developer-intern-healthflex-bengaluru-0-to-1-years-010525502454,Healthflex,N/A,Unpaid,N/A,N/A,[''],Starts in 1-3 months
Full Stack Developer (Intern),https://www.naukri.com/job-listings-full-stack-developer-intern-adengage-mumbai-hyderabad-mumbai-hyderabad-0-to-1-years-300425922476,Adengage,0-1 Yrs,Not disclosed,N/A,"Job TypeFull Time Part TimeAs a Full-Stack Developer Intern at AdEngage, youll gain han...",['cssjavascriptjavafull stackhtmlc#restpython'],3 Days Ago
Python Developer (Intern),https://www.naukri.com/job-listings-python-developer-intern-adengage-mumbai-hyderabad-mumbai-hyderabad-0-to-1-years-300425922240,Adengage,0-1 Yrs,Not disclosed,N/A,Job TypeFull Time Part Time,['pythonsoftware developmentsoftware testingpython developmentcode reviewc#cssc++'],3 Days Ago
Appscrips - Python Developer - Django/PostgreSQL,https://www.naukri.com/job-listings-appscrips-python-developer-django-postgresql-appscrip-gujarat-0-to-1-years-300425911471,Appscrip,0-1 Yrs,Not disclosed,N/A,"Mandatory :- Python , Django , Postgres , strong logical skills , strong operating syst...",['PythonDjangoPostgreSQLMicroservices ArchitecturePandasNumpyArchitectureMicroservices'],3 Days Ago
Risk-Bengaluru-Analyst-Software Engineering,https://www.naukri.com/job-listings-risk-bengaluru-analyst-software-engineering-goldman-sachs-bengaluru-0-to-3-years-010525502404,Goldman Sachs,0-3 Yrs,Not disclosed,N/A,"Bachelor s degree in Computer Science, Mathematics, Electrical Engineering or related t...",['Computer scienceCloud computingSoftware designAnalyticalData structuresHTMLInvestment bankingInvestment management'],2 Days Ago
Software Development Engineer - 1,https://www.naukri.com/job-listings-software-development-engineer-1-cloudsek-information-security-private-limited-bengaluru-0-to-3-years-010525503336,Cloudsek Information Security,0-3 Yrs,Not disclosed,N/A,Software Engineer with a minimum 6 months of experience in cybersecurity product develo...,['Supply chainNoSQLorchestrationcyber securityArtificial IntelligenceMachine learningCloudMonitoring'],2 Days Ago
Data Engineer,https://www.naukri.com/job-listings-data-engineer-henson-group-pune-chennai-bengaluru-0-to-1-years-300425912190,Henson Group,0-1 Yrs,Not disclosed,N/A,"Collect and integrate data from multiple online data sources via API.Clean, filter, and...",['SQLdatabase designtechnical supportdata modelingdocumentationdata warehousingETLdatabase administration'],3 Days Ago
"Senior Engineer, Python",https://www.naukri.com/job-listings-senior-engineer-python-tide-software-new-delhi-0-to-5-years-010525503013,Tide Software,0-5 Yrs,Not disclosed,N/A,You will apply your extensive experience on our problem domain and existing guidelines ...,['Health insuranceAdministrationBackendGermanScrumAWSTeam buildingRecruitment'],2 Days Ago
Associate Software Engineer - Hiring For one of our esteemed client,https://www.naukri.com/job-listings-associate-software-engineer-hiring-for-one-of-our-esteemed-client-vibrantminds-pune-0-to-0-years-030525002457,Vibrantminds,0 Yrs,4.5 Lacs PA,N/A,Note: Hiring for one of our esteemed client (Company name confidential) Position: As...,['Communication SkillsJavaLogical ApproachCSSCodingMySQLProblem SolvingJavascript'],Today
Software Engineer,https://www.naukri.com/job-listings-software-engineer-aja-consulting-services-hyderabad-0-to-0-years-020525017890,AJA Consulting Services,0 Yrs,Not disclosed,N/A,Transform your tech passion into a professional IT career with AJA CODING TUTOR PLATFOR...,['JavaData Engineering.NetDevopsPythonAws CloudAzure CloudSoftware'],1 Day Ago
Jr . Odoo Developer,https://www.naukri.com/job-listings-jr-odoo-developer-mobibox-softech-vapi-0-to-2-years-020525500385,Mobibox Softech,0-2 Yrs,Not disclosed,N/A,We are looking for a skilled Jr. Odoo Developer to join our growing development te...,['BasicERPDjangoFocusDeploymentManagementTroubleshootingTeam building'],1 Day Ago
Python Developer Intern,https://www.naukri.com/job-listings-python-developer-intern-epicminds-information-technology-bengaluru-0-to-1-years-030525004361,Epicminds Information Technology,N/A,"15,000/month",N/A,N/A,[''],Starts within 1 month
Python Developer with AI/ML,https://www.naukri.com/job-listings-python-developer-with-ai-ml-ivectors-software-solutions-llp-hyderabad-0-to-1-years-020525018288,Ivectors Software Solutions Llp,0-1 Yrs,Not disclosed,N/A,Job Title: Python Developer with AI/ML Night Shift (01 Year Exp) Onsite HyderabadLocat...,['AI/MLMachine LearningPythonArtificial IntelligenceMachineAimlDevelopmentMl'],1 Day Ago
